{
    "mc_glia_affs_": {
        "correct": 0.9096273815545439,
        "merge": 0.03388973191704603,
        "n_merges": 15,
        "split": 0.05648288652841005
    },
    "mc_glia_affs_20180508": {
        "correct": 0.8365360286577976,
        "merge": 0.10416416976282743,
        "n_merges": 89,
        "split": 0.05929980157937491
    },
    "mc_glia_affs_overlap_": {
        "correct": 0.8661504424778761,
        "merge": 0.05641592920353982,
        "n_merges": 56,
        "split": 0.07743362831858407
    },
    "mc_glia_affs_overlap_20180508": {
        "correct": 0.8016257350397786,
        "merge": 0.12466027573256906,
        "n_merges": 727,
        "split": 0.07371398922765232
    },
    "mc_glia_affs_overlap_rf_": {
        "correct": 0.8866940581542352,
        "merge": 0.08501896333754741,
        "n_merges": 67,
        "split": 0.028286978508217445
    },
    "mc_glia_affs_overlap_rf_20180508": {
        "correct": 0.7520754064337599,
        "merge": 0.2212902109996541,
        "n_merges": 852,
        "split": 0.026634382566585957
    },
    "mc_glia_affs_rf_": {
        "correct": 0.8836621143146182,
        "merge": 0.10150059011971,
        "n_merges": 18,
        "split": 0.014837295565671893
    },
    "mc_glia_affs_rf_20180508": {
        "correct": 0.7308271077197608,
        "merge": 0.2522205798143635,
        "n_merges": 259,
        "split": 0.016952312465875648
    },
    "mc_glia_global2_": {
        "correct": 0.9335693812173327,
        "merge": 0.0,
        "n_merges": 0,
        "split": 0.06643061878266734
    },
    "mc_glia_global2_20180508": {
        "correct": 0.8939315249091127,
        "merge": 0.03708734502550171,
        "n_merges": 41,
        "split": 0.06898113006538559
    },
    "mc_glia_global_": {
        "correct": 0.9339065924801888,
        "merge": 0.0,
        "n_merges": 0,
        "split": 0.06609340751981116
    },
    "mc_glia_global_20180508": {
        "correct": 0.8813737632002983,
        "merge": 0.05266802498235521,
        "n_merges": 39,
        "split": 0.06595821181734648
    },
    "mc_glia_rf_affs_global_": {
        "correct": 0.9532962400944192,
        "merge": 0.03355252065418985,
        "n_merges": 14,
        "split": 0.013151239251390997
    },
    "mc_glia_rf_affs_global_20180508": {
        "correct": 0.7655440587005446,
        "merge": 0.22128560584874754,
        "n_merges": 255,
        "split": 0.013170335450707789
    }
}